alias_raw,alias_normalized,proposed_display,match_type,confidence,validation_status
"ORAL","oral","Oral",casefold_equality,1.0,AUTO_APPROVED_FORMATTING
"Oral","oral","Oral",casefold_equality,1.0,SOURCE_VERIFIED
"OPHTHALMIC","ophthalmic","Ophthalmic",casefold_equality,1.0,AUTO_APPROVED_FORMATTING
"Ophthalmic","ophthalmic","Ophthalmic",casefold_equality,1.0,SOURCE_VERIFIED
"INTRAVENOUS","intravenous","Intravenous",casefold_equality,1.0,AUTO_APPROVED_FORMATTING
"Intravenous","intravenous","Intravenous",casefold_equality,1.0,SOURCE_VERIFIED
"TOPICAL","topical","Topical",casefold_equality,1.0,AUTO_APPROVED_FORMATTING
"Topical","topical","Topical",casefold_equality,1.0,SOURCE_VERIFIED
"SUBCUTANEOUS","subcutaneous","Subcutaneous",casefold_equality,1.0,AUTO_APPROVED_FORMATTING
"Subcutaneous","subcutaneous","Subcutaneous",casefold_equality,1.0,SOURCE_VERIFIED
"INTRAMUSCULAR","intramuscular","Intramuscular",casefold_equality,1.0,AUTO_APPROVED_FORMATTING
"Intramuscular","intramuscular","Intramuscular",casefold_equality,1.0,SOURCE_VERIFIED
"SUBLINGUAL","sublingual","Sublingual",casefold_equality,1.0,AUTO_APPROVED_FORMATTING
"Sublingual","sublingual","Sublingual",casefold_equality,1.0,SOURCE_VERIFIED
"RESPIRATORY (INHALATION)","respiratory (inhalation)","Respiratory (inhalation)",casefold_equality,1.0,AUTO_APPROVED_FORMATTING
"Respiratory (inhalation)","respiratory (inhalation)","Respiratory (inhalation)",casefold_equality,1.0,SOURCE_VERIFIED
"NASAL","nasal","Nasal",casefold_equality,1.0,AUTO_APPROVED_FORMATTING
"Nasal","nasal","Nasal",casefold_equality,1.0,SOURCE_VERIFIED
"INTRALUMINAL","intraluminal","Intraluminal",casefold_equality,1.0,AUTO_APPROVED_FORMATTING
"Intraluminal","intraluminal","Intraluminal",casefold_equality,1.0,SOURCE_VERIFIED
"CUTANEOUS","cutaneous","Cutaneous",casefold_equality,1.0,AUTO_APPROVED_FORMATTING
"Cutaneous","cutaneous","Cutaneous",casefold_equality,1.0,SOURCE_VERIFIED
"DENTAL","dental","Dental",casefold_equality,1.0,AUTO_APPROVED_FORMATTING
"Dental","dental","Dental",casefold_equality,1.0,SOURCE_VERIFIED
"TRANSDERMAL","transdermal","Transdermal",casefold_equality,1.0,AUTO_APPROVED_FORMATTING
"Transdermal","transdermal","Transdermal",casefold_equality,1.0,SOURCE_VERIFIED
"BUCCAL","buccal","Buccal",casefold_equality,1.0,AUTO_APPROVED_FORMATTING
"Buccal","buccal","Buccal",casefold_equality,1.0,SOURCE_VERIFIED
"INTRAVASCULAR","intravascular","Intravascular",casefold_equality,1.0,AUTO_APPROVED_FORMATTING
"Intravascular","intravascular","Intravascular",casefold_equality,1.0,SOURCE_VERIFIED
"RECTAL","rectal","Rectal",casefold_equality,1.0,AUTO_APPROVED_FORMATTING
"Rectal","rectal","Rectal",casefold_equality,1.0,SOURCE_VERIFIED
"INTRA-ARTICULAR","intra-articular","Intra-articular",casefold_equality,1.0,AUTO_APPROVED_FORMATTING
"Intra-articular","intra-articular","Intra-articular",casefold_equality,1.0,SOURCE_VERIFIED
"INTRALESIONAL","intralesional","Intralesional",casefold_equality,1.0,AUTO_APPROVED_FORMATTING
"Intralesional","intralesional","Intralesional",casefold_equality,1.0,SOURCE_VERIFIED
"INTRACARDIAC","intracardiac","Intracardiac",casefold_equality,1.0,AUTO_APPROVED_FORMATTING
"Intracardiac","intracardiac","Intracardiac",casefold_equality,1.0,SOURCE_VERIFIED
"SOFT TISSUE","soft tissue","Soft tissue",casefold_equality,1.0,AUTO_APPROVED_FORMATTING
"Soft tissue","soft tissue","Soft tissue",casefold_equality,1.0,SOURCE_VERIFIED
"EPIDURAL","epidural","Epidural",casefold_equality,1.0,AUTO_APPROVED_FORMATTING
"Epidural","epidural","Epidural",casefold_equality,1.0,SOURCE_VERIFIED
"INFILTRATION","infiltration","Infiltration",casefold_equality,1.0,AUTO_APPROVED_FORMATTING
"Infiltration","infiltration","Infiltration",casefold_equality,1.0,SOURCE_VERIFIED
"VAGINAL","vaginal","Vaginal",casefold_equality,1.0,AUTO_APPROVED_FORMATTING
"Vaginal","vaginal","Vaginal",casefold_equality,1.0,SOURCE_VERIFIED
"HEMODIALYSIS","hemodialysis","Hemodialysis",casefold_equality,1.0,AUTO_APPROVED_FORMATTING
"Hemodialysis","hemodialysis","Hemodialysis",casefold_equality,1.0,SOURCE_VERIFIED
"INTRACAUDAL","intracaudal","Intracaudal",casefold_equality,1.0,AUTO_APPROVED_FORMATTING
"Intracaudal","intracaudal","Intracaudal",casefold_equality,1.0,SOURCE_VERIFIED
"PERINEURAL","perineural","Perineural",casefold_equality,1.0,AUTO_APPROVED_FORMATTING
"Perineural","perineural","Perineural",casefold_equality,1.0,SOURCE_VERIFIED
"INTRAOCULAR","intraocular","Intraocular",casefold_equality,1.0,AUTO_APPROVED_FORMATTING
"Intraocular","intraocular","Intraocular",casefold_equality,1.0,SOURCE_VERIFIED
"INTRA-ARTERIAL","intra-arterial","Intra-arterial",casefold_equality,1.0,AUTO_APPROVED_FORMATTING
"Intra-arterial","intra-arterial","Intra-arterial",casefold_equality,1.0,SOURCE_VERIFIED
"INTRATHECAL","intrathecal","Intrathecal",casefold_equality,1.0,AUTO_APPROVED_FORMATTING
"Intrathecal","intrathecal","Intrathecal",casefold_equality,1.0,SOURCE_VERIFIED
"INTRAEPIDERMAL","intraepidermal","Intraepidermal",casefold_equality,1.0,AUTO_APPROVED_FORMATTING
"Intraepidermal","intraepidermal","Intraepidermal",casefold_equality,1.0,SOURCE_VERIFIED
"EXTRACORPOREAL","extracorporeal","Extracorporeal",casefold_equality,1.0,AUTO_APPROVED_FORMATTING
"Extracorporeal","extracorporeal","Extracorporeal",casefold_equality,1.0,SOURCE_VERIFIED
"PERCUTANEOUS","percutaneous","Percutaneous",casefold_equality,1.0,AUTO_APPROVED_FORMATTING
"Percutaneous","percutaneous","Percutaneous",casefold_equality,1.0,SOURCE_VERIFIED
"INTRAPERITONEAL","intraperitoneal","Intraperitoneal",casefold_equality,1.0,AUTO_APPROVED_FORMATTING
"Intraperitoneal","intraperitoneal","Intraperitoneal",casefold_equality,1.0,SOURCE_VERIFIED
"INTRAVITREAL","intravitreal","Intravitreal",casefold_equality,1.0,AUTO_APPROVED_FORMATTING
"Intravitreal","intravitreal","Intravitreal",casefold_equality,1.0,SOURCE_VERIFIED
"AURICULAR (OTIC)","auricular (otic)","Auricular (otic)",casefold_equality,1.0,AUTO_APPROVED_FORMATTING
"Auricular (otic)","auricular (otic)","Auricular (otic)",casefold_equality,1.0,SOURCE_VERIFIED
"INTRADERMAL","intradermal","Intradermal",casefold_equality,1.0,AUTO_APPROVED_FORMATTING
"Intradermal","intradermal","Intradermal",casefold_equality,1.0,SOURCE_VERIFIED
"INTRACAVITARY","intracavitary","Intracavitary",casefold_equality,1.0,AUTO_APPROVED_FORMATTING
"Intracavitary","intracavitary","Intracavitary",casefold_equality,1.0,SOURCE_VERIFIED
"INTRAMENINGEAL","intrameningeal","Intrameningeal",casefold_equality,1.0,AUTO_APPROVED_FORMATTING
"Intrameningeal","intrameningeal","Intrameningeal",casefold_equality,1.0,SOURCE_VERIFIED
"SUBMUCOSAL","submucosal","Submucosal",casefold_equality,1.0,AUTO_APPROVED_FORMATTING
"Submucosal","submucosal","Submucosal",casefold_equality,1.0,SOURCE_VERIFIED
"SUBCONJUNCTIVAL","subconjunctival","Subconjunctival",casefold_equality,1.0,AUTO_APPROVED_FORMATTING
"Subconjunctival","subconjunctival","Subconjunctival",casefold_equality,1.0,SOURCE_VERIFIED
"INTRACAVERNOUS","intracavernous","Intracavernous",casefold_equality,1.0,AUTO_APPROVED_FORMATTING
"Intracavernous","intracavernous","Intracavernous",casefold_equality,1.0,SOURCE_VERIFIED
"PARENTERAL","parenteral","Parenteral",casefold_equality,1.0,AUTO_APPROVED_FORMATTING
"Parenteral","parenteral","Parenteral",casefold_equality,1.0,SOURCE_VERIFIED
"PERIODONTAL","periodontal","Periodontal",casefold_equality,1.0,AUTO_APPROVED_FORMATTING
"Periodontal","periodontal","Periodontal",casefold_equality,1.0,SOURCE_VERIFIED
"INTRAUTERINE","intrauterine","Intrauterine",casefold_equality,1.0,AUTO_APPROVED_FORMATTING
"Intrauterine","intrauterine","Intrauterine",casefold_equality,1.0,SOURCE_VERIFIED
"IRRIGATION","irrigation","Irrigation",casefold_equality,1.0,AUTO_APPROVED_FORMATTING
"Irrigation","irrigation","Irrigation",casefold_equality,1.0,SOURCE_VERIFIED
"SUBARACHNOID","subarachnoid","Subarachnoid",casefold_equality,1.0,AUTO_APPROVED_FORMATTING
"Subarachnoid","subarachnoid","Subarachnoid",casefold_equality,1.0,SOURCE_VERIFIED
"INTRAPLEURAL","intrapleural","Intrapleural",casefold_equality,1.0,AUTO_APPROVED_FORMATTING
"Intrapleural","intrapleural","Intrapleural",casefold_equality,1.0,SOURCE_VERIFIED
"INTRAVESICAL","intravesical","Intravesical",casefold_equality,1.0,AUTO_APPROVED_FORMATTING
"Intravesical","intravesical","Intravesical",casefold_equality,1.0,SOURCE_VERIFIED
"RETROBULBAR","retrobulbar","Retrobulbar",casefold_equality,1.0,AUTO_APPROVED_FORMATTING
"Retrobulbar","retrobulbar","Retrobulbar",casefold_equality,1.0,SOURCE_VERIFIED
"OROPHARYNGEAL","oropharyngeal","Oropharyngeal",casefold_equality,1.0,AUTO_APPROVED_FORMATTING
"Oropharyngeal","oropharyngeal","Oropharyngeal",casefold_equality,1.0,SOURCE_VERIFIED
"INTRAVENTRICULAR","intraventricular","Intraventricular",casefold_equality,1.0,AUTO_APPROVED_FORMATTING
"Intraventricular","intraventricular","Intraventricular",casefold_equality,1.0,SOURCE_VERIFIED
"INTRASYNOVIAL","intrasynovial","Intrasynovial",casefold_equality,1.0,AUTO_APPROVED_FORMATTING
"Intrasynovial","intrasynovial","Intrasynovial",casefold_equality,1.0,SOURCE_VERIFIED
"TRANSMUCOSAL","transmucosal","Transmucosal",casefold_equality,1.0,AUTO_APPROVED_FORMATTING
"Transmucosal","transmucosal","Transmucosal",casefold_equality,1.0,SOURCE_VERIFIED
"ENDOTRACHEAL","endotracheal","Endotracheal",casefold_equality,1.0,AUTO_APPROVED_FORMATTING
"Endotracheal","endotracheal","Endotracheal",casefold_equality,1.0,SOURCE_VERIFIED
"INTRAMEDULLARY","intramedullary","Intramedullary",casefold_equality,1.0,AUTO_APPROVED_FORMATTING
"Intramedullary","intramedullary","Intramedullary",casefold_equality,1.0,SOURCE_VERIFIED
"URETERAL","ureteral","Ureteral",casefold_equality,1.0,AUTO_APPROVED_FORMATTING
"Ureteral","ureteral","Ureteral",casefold_equality,1.0,SOURCE_VERIFIED
"INTRACEREBRAL","intracerebral","Intracerebral",casefold_equality,1.0,AUTO_APPROVED_FORMATTING
"Intracerebral","intracerebral","Intracerebral",casefold_equality,1.0,SOURCE_VERIFIED
"TRANSTRACHEAL","transtracheal","Transtracheal",casefold_equality,1.0,AUTO_APPROVED_FORMATTING
"Transtracheal","transtracheal","Transtracheal",casefold_equality,1.0,SOURCE_VERIFIED
"ENTERAL","enteral","Enteral",casefold_equality,1.0,AUTO_APPROVED_FORMATTING
"Enteral","enteral","Enteral",casefold_equality,1.0,SOURCE_VERIFIED
"INTRABRONCHIAL","intrabronchial","Intrabronchial",casefold_equality,1.0,AUTO_APPROVED_FORMATTING
"Intrabronchial","intrabronchial","Intrabronchial",casefold_equality,1.0,SOURCE_VERIFIED
"CONJUNCTIVAL","conjunctival","Conjunctival",casefold_equality,1.0,AUTO_APPROVED_FORMATTING
"Conjunctival","conjunctival","Conjunctival",casefold_equality,1.0,SOURCE_VERIFIED
"INTRAGASTRIC","intragastric","Intragastric",casefold_equality,1.0,AUTO_APPROVED_FORMATTING
"Intragastric","intragastric","Intragastric",casefold_equality,1.0,SOURCE_VERIFIED
"URETHRAL","urethral","Urethral",casefold_equality,1.0,AUTO_APPROVED_FORMATTING
"Urethral","urethral","Urethral",casefold_equality,1.0,SOURCE_VERIFIED
"INTRACORONARY","intracoronary","Intracoronary",casefold_equality,1.0,AUTO_APPROVED_FORMATTING
"Intracoronary","intracoronary","Intracoronary",casefold_equality,1.0,SOURCE_VERIFIED
"INTRALYMPHATIC","intralymphatic","Intralymphatic",casefold_equality,1.0,AUTO_APPROVED_FORMATTING
"Intralymphatic","intralymphatic","Intralymphatic",casefold_equality,1.0,SOURCE_VERIFIED
"INTRASINAL","intrasinal","Intrasinal",casefold_equality,1.0,AUTO_APPROVED_FORMATTING
"Intrasinal","intrasinal","Intrasinal",casefold_equality,1.0,SOURCE_VERIFIED